class,model,series,test_points,wape,mase,mase_defined_series,rmse,bias,coverage_80,coverage_95
all,croston_sba,1500,63000,0.5760980115052178,1.07699032447706,1497,96.26828508303737,-0.10445309949891182,0.7772698412698412,0.9364126984126984
all,ensemble,1500,63000,0.5331855918287612,0.8705390625637309,1497,96.79712864208761,-0.04146408417074891,0.7961587301587302,0.9348095238095238
all,ridge,1500,63000,0.4798382654218495,0.6775185448609556,1497,93.79345783498243,-0.012428090538490543,0.8056190476190476,0.9478253968253968
all,seasonal_mean,1500,63000,0.5295975125271741,0.8487360607115538,1497,97.6977055038361,-0.03427517167357411,0.8096666666666666,0.9366984126984127
all,seasonal_naive,1500,63000,0.6415969098316415,1.0852197810150195,1497,131.7071660438474,-0.011010089537047065,0.7952222222222223,0.9234761904761905
all,selected_policy,1500,63000,0.4912180174769779,0.693107361495943,1497,99.9224291455063,-0.017808341001638348,0.7761904761904762,0.942952380952381
all,tsb,1500,63000,0.5776352081044988,1.0560093571840803,1497,96.91950959855993,-0.04515396960572102,0.7669365079365079,0.9355714285714286
all_zero,croston_sba,3,126,,,0,0.0,,1.0,1.0
all_zero,ensemble,3,126,,,0,0.0,,1.0,1.0
all_zero,ridge,3,126,,,0,0.0,,1.0,1.0
all_zero,seasonal_mean,3,126,,,0,0.0,,1.0,1.0
all_zero,seasonal_naive,3,126,,,0,0.0,,1.0,1.0
all_zero,selected_policy,3,126,,,0,0.0,,1.0,1.0
all_zero,tsb,3,126,,,0,0.0,,1.0,1.0
intermittent,croston_sba,300,12600,1.6203094021319977,0.9791113837008252,300,30.837082896971314,7.139947157015737e-05,0.7637301587301587,0.9524603174603175
intermittent,ensemble,300,12600,1.6397814042532741,0.9905982527399809,300,31.933498975523353,0.027446044353022555,0.811984126984127,0.9548412698412698
intermittent,ridge,300,12600,1.6413114745902588,0.9923426871756625,300,31.265568292227844,0.0373056927140659,0.8199206349206349,0.9550793650793651
intermittent,seasonal_mean,300,12600,1.6356580194622095,0.9876934953968219,300,32.44436672280183,0.025532151042104125,0.8223809523809524,0.955
intermittent,seasonal_naive,300,12600,1.7124704527183499,1.0326898210388555,300,44.24573694826698,0.049159477328085815,0.818015873015873,0.9461904761904761
intermittent,selected_policy,300,12600,1.663957295032877,1.0030110274553061,300,35.66726041782331,0.04157752410946634,0.7803174603174603,0.9507142857142857
intermittent,tsb,300,12600,1.636940417278268,0.9913530815770103,300,31.947371559354348,0.025161501209286768,0.7409523809523809,0.954047619047619
lumpy,croston_sba,300,12600,1.3344309536088554,0.8720845356808837,300,206.053540671474,-0.059673901506513256,0.7203174603174604,0.9544444444444444
lumpy,ensemble,300,12600,1.3718635038313622,0.8965046425375052,300,210.46690481037106,-0.034283910606248615,0.8049206349206349,0.9535714285714286
lumpy,ridge,300,12600,1.3507254135972961,0.8851844048914529,300,206.31029240751445,-0.03820444552399103,0.814047619047619,0.9552380952380952
lumpy,seasonal_mean,300,12600,1.3862979536264384,0.9085689375809403,300,212.29718713323203,-0.034335844510371596,0.8121428571428572,0.954920634920635
lumpy,seasonal_naive,300,12600,1.612772070212987,1.0493495401917474,300,286.0573227602501,-0.012197470192197914,0.8097619047619048,0.9447619047619048
lumpy,selected_policy,300,12600,1.3837242898609707,0.9033186005182542,300,219.42929269642147,-0.04850359242372522,0.7246031746031746,0.9515873015873015
lumpy,tsb,300,12600,1.3648904801058028,0.8892834854753522,300,208.11149294983312,-0.027007891298169245,0.7261111111111112,0.9542063492063492
smooth,croston_sba,897,37674,0.24383340770178616,1.1782561203206758,897,31.298146906257166,-0.12630410548047913,0.8001008653182566,0.9248022508892074
smooth,ensemble,897,37674,0.16822893625951352,0.8217013467944919,897,22.63830912330079,-0.04768203858991391,0.7872538089929394,0.9216170303126825
smooth,ridge,897,37674,0.10022125611926239,0.502772724678613,897,12.193961295436571,-0.005569937076877534,0.7973668843234061,0.9427456601369645
smooth,seasonal_mean,897,37674,0.15806374658241729,0.7822510066798966,897,23.14326261131015,-0.037365701021309226,0.8039496735148909,0.9242713807931199
smooth,seasonal_naive,897,37674,0.2299413343591806,1.1147850655633258,897,31.396753307911588,-0.013706551891676523,0.782051282051282,0.9085045389393216
smooth,selected_policy,897,37674,0.10309158188276783,0.5191558882579249,897,12.945619120938881,-0.009649847569475317,0.7913149652280087,0.9372776981472634
smooth,tsb,897,37674,0.23398544771010593,1.1333946907345143,897,29.691438000835856,-0.05546389747922716,0.788501353718745,0.9229442055529012
